T2M,RH2M,PS,datetime,is_anomaly,anomaly_type,hour,month,T2M_diff,RH2M_diff,PS_diff,T2M_roll_mean,RH2M_roll_mean,PS_roll_mean,T2M_roll_std,RH2M_roll_std,PS_roll_std,T2M_roll_dev,RH2M_roll_dev,PS_roll_dev
24.73,25.67,993.2,2025-11-27 14:00:00,0,normal,14,11,,,,24.73,25.67,993.2,0.0,0.0,0.0,0.0,0.0,0.0
23.9,29.49,993.0,2025-11-27 15:00:00,0,normal,15,11,-0.8300000000000018,3.8199999999999967,-0.20000000000004547,24.314999999999998,27.58,993.1,0.5868986283848344,2.7011479041326103,0.14142135623734164,-0.41499999999999915,1.9100000000000001,-0.10000000000002274
22.1,36.1,993.1,2025-11-27 16:00:00,0,normal,16,11,-1.7999999999999972,6.610000000000003,0.10000000000002274,23.576666666666668,30.42,993.1,1.3444825522606556,5.27682669793125,0.10000000000002274,-1.4766666666666666,5.68,0.0
21.01,32.8,993.3,2025-11-27 17:00:00,0,normal,17,11,-1.0899999999999999,-3.3000000000000043,0.1999999999999318,22.935000000000002,31.015,993.15,1.6887964155970145,4.4698284829137105,0.12909944487357322,-1.9250000000000007,1.7849999999999966,0.14999999999997726
20.33,33.69,993.9,2025-11-27 18:00:00,0,normal,18,11,-0.6800000000000033,0.8900000000000006,0.6000000000000227,22.413999999999998,31.55,993.3,1.8698208470332105,4.051623131536299,0.3535533905932778,-2.0839999999999996,2.139999999999997,0.6000000000000227
19.67,34.7,994.2,2025-11-27 19:00:00,0,normal,19,11,-0.6599999999999966,1.0100000000000051,0.3000000000000682,21.956666666666667,32.074999999999996,993.4499999999999,2.0129348391507005,3.845291926499211,0.4847679857416704,-2.2866666666666653,2.625000000000007,0.7500000000001137
18.96,35.76,994.5,2025-11-27 20:00:00,0,normal,20,11,-0.7100000000000009,1.0599999999999952,0.2999999999999545,20.995,33.75666666666667,993.6666666666666,1.7888180455261466,2.4297544457551066,0.6218252702060018,-2.035,2.0033333333333303,0.8333333333333712
18.18,37.41,994.5,2025-11-27 21:00:00,0,normal,21,11,-0.7800000000000011,1.6499999999999986,0.0,20.041666666666668,35.07666666666667,993.9166666666666,1.4164380207642857,1.685617592061354,0.6013872850891115,-1.8616666666666681,2.3333333333333286,0.5833333333333712
17.31,39.59,994.5,2025-11-27 22:00:00,0,normal,22,11,-0.870000000000001,2.180000000000007,0.0,19.243333333333332,35.65833333333334,994.15,1.3735161690590467,2.5099594950251145,0.4806245936282064,-1.9333333333333336,3.931666666666665,0.35000000000002274
16.19,42.42,994.4,2025-11-27 23:00:00,0,normal,23,11,-1.1199999999999974,2.8299999999999983,-0.10000000000002274,18.439999999999998,37.26166666666666,994.3333333333334,1.53377964519026,3.2749193374290515,0.24221202832846866,-2.2499999999999964,5.1583333333333385,0.06666666666660603
14.62,47.68,994.2,2025-11-28 00:00:00,0,normal,0,11,-1.570000000000002,5.259999999999998,-0.1999999999999318,17.488333333333333,39.593333333333334,994.3833333333333,1.8627229173085884,4.8330183805430265,0.14719601443994906,-2.868333333333334,8.086666666666666,-0.18333333333328028
13.46,52.43,994.1,2025-11-28 01:00:00,0,normal,1,11,-1.1599999999999984,4.75,-0.10000000000002274,16.453333333333333,42.54833333333334,994.3666666666668,2.116087584828805,6.406769596814508,0.17511900715513004,-2.9933333333333323,9.88166666666666,-0.2666666666667652
12.36,57.76,993.8,2025-11-28 02:00:00,0,normal,2,11,-1.1000000000000014,5.329999999999998,-0.3000000000000682,15.353333333333333,46.214999999999996,994.25,2.262791785972937,7.872485630345733,0.27386127875308175,-2.993333333333334,11.545000000000002,-0.4500000000000455
11.59,63.2,993.5,2025-11-28 03:00:00,0,normal,3,11,-0.7699999999999996,5.440000000000005,-0.2999999999999545,14.254999999999997,50.51333333333333,994.0833333333334,2.215208793770897,9.055256300440465,0.37638632635476343,-2.6649999999999974,12.686666666666675,-0.5833333333333712
11.17,67.6,993.4,2025-11-28 04:00:00,0,normal,4,11,-0.41999999999999993,4.3999999999999915,-0.10000000000002274,13.231666666666667,55.18166666666667,993.9000000000001,1.9202439081185927,9.50645342210578,0.4000000000000624,-2.0616666666666674,12.418333333333322,-0.5000000000001137
11.01,70.75,993.7,2025-11-28 05:00:00,0,normal,5,11,-0.16000000000000014,3.1500000000000057,0.3000000000000682,12.368333333333332,59.903333333333336,993.7833333333333,1.4246882699968269,8.917525815307,0.3188521078284617,-1.3583333333333325,10.846666666666664,-0.08333333333325754
10.9,73.38,994.2,2025-11-28 06:00:00,0,normal,6,11,-0.10999999999999943,2.6299999999999955,0.5,11.748333333333335,64.18666666666667,993.7833333333333,0.9928024308323095,7.9967535079347565,0.3188521078284617,-0.8483333333333345,9.193333333333328,0.41666666666674246
12.06,73.18,994.8,2025-11-28 07:00:00,0,normal,7,11,1.1600000000000001,-0.19999999999998863,0.599999999999909,11.515,67.645,993.9000000000001,0.5948024882260263,6.174799591889627,0.5215361924162465,0.5449999999999999,5.535000000000011,0.8999999999998636
15.05,62.02,995.3,2025-11-28 08:00:00,0,normal,8,11,2.99,-11.160000000000004,0.5,11.963333333333333,68.355,994.1500000000001,1.5713136754532955,4.930386394594274,0.7661592523752181,3.086666666666668,-6.335000000000001,1.1499999999998636
17.96,54.32,995.6,2025-11-28 09:00:00,0,normal,9,11,2.91,-7.700000000000003,0.3000000000000682,13.025,66.875,994.5,2.8776014317483045,7.467373701643722,0.8809086218220097,4.9350000000000005,-12.555,1.1000000000000227
22.45,38.74,995.2,2025-11-28 10:00:00,0,normal,10,11,4.489999999999998,-15.579999999999998,-0.39999999999997726,14.905,62.065,994.7999999999998,4.59534873540626,13.645837094147069,0.7238784428345202,7.545,-23.324999999999996,0.40000000000020464
24.39,33.03,994.2,2025-11-28 11:00:00,0,normal,11,11,1.9400000000000013,-5.710000000000001,-1.0,17.135,55.778333333333336,994.8833333333333,5.487129486352582,17.096861017937375,0.587934236685745,7.254999999999999,-22.748333333333335,-0.6833333333332803
46.98042714991526,29.57,992.0,2025-11-28 12:00:00,1,temperature_spike,12,11,22.590427149915257,-3.460000000000001,-2.2000000000000455,23.148404524985875,48.47666666666667,994.5166666666668,12.533563283234143,17.428054012616165,1.3242608000945024,23.832022624929383,-18.906666666666666,-2.516666666666765
23.01,29.57,988.6,2025-11-28 13:00:00,0,normal,13,11,-23.970427149915256,0.0,-3.3999999999999773,24.973404524985877,41.208333333333336,993.4833333333332,11.336081631472002,13.77621634073254,2.730872876328382,-1.9634045249858758,-11.638333333333335,-4.883333333333212
19.39,43.44,988.6,2025-11-28 14:00:00,0,normal,14,11,-3.620000000000001,13.869999999999997,0.0,25.696737858319207,38.11166666666667,992.3666666666667,10.696680941613998,9.625377741505323,3.1734313710343933,-6.306737858319206,5.328333333333326,-3.7666666666666515
17.06,40.32,988.9,2025-11-28 15:00:00,0,normal,15,11,-2.330000000000002,-3.1199999999999974,0.2999999999999545,25.546737858319208,35.778333333333336,991.25,10.832322410068999,5.877745883131223,2.9811071768719795,-8.48673785831921,4.541666666666664,-2.3500000000000227
15.68,43.17,989.4,2025-11-28 16:00:00,0,normal,16,11,-1.379999999999999,2.8500000000000014,0.5,24.418404524985874,36.51666666666667,990.2833333333333,11.548332848627032,6.562528984062933,2.3086070836466335,-8.738404524985874,6.653333333333329,-0.8833333333333258
14.64,45.23,990.0,2025-11-28 17:00:00,0,normal,17,11,-1.0399999999999991,2.059999999999995,0.6000000000000227,22.793404524985874,38.550000000000004,989.5833333333334,12.219595706492218,7.13151596787103,1.2998717885478976,-8.153404524985874,6.679999999999993,0.41666666666662877
13.9,47.08,990.6,2025-11-28 18:00:00,0,normal,18,11,-0.7400000000000002,1.8500000000000014,0.6000000000000227,17.28,41.468333333333334,989.3499999999999,3.414305200183479,6.25000933332633,0.8142481194303224,-3.380000000000001,5.611666666666665,1.2500000000001137
13.38,48.31,991.0,2025-11-28 19:00:00,0,normal,19,11,-0.5199999999999996,1.230000000000004,0.39999999999997726,15.674999999999999,44.59166666666667,989.75,2.245366339820725,2.898961308238924,0.9502631214544031,-2.294999999999998,3.7183333333333337,1.25
12.86,49.67,991.2,2025-11-28 20:00:00,0,normal,20,11,-0.5200000000000014,1.3599999999999994,0.20000000000004547,14.586666666666666,45.629999999999995,990.1833333333334,1.5636197321172973,3.464511509578182,0.9130534851055684,-1.7266666666666666,4.040000000000006,1.0166666666666515
12.29,51.33,991.1,2025-11-28 21:00:00,0,normal,21,11,-0.5700000000000003,1.6599999999999966,-0.10000000000002274,13.791666666666666,47.465,990.5500000000001,1.2320457242596787,2.970008417496446,0.7148426400244401,-1.501666666666667,3.864999999999995,0.5499999999999545
11.66,53.5,990.8,2025-11-28 22:00:00,0,normal,22,11,-0.629999999999999,2.1700000000000017,-0.3000000000000682,13.121666666666668,49.18666666666667,990.7833333333333,1.0839265042734882,2.9763781121803836,0.4400757510520055,-1.4616666666666678,4.313333333333333,0.01666666666665151
11.12,55.44,990.6,2025-11-28 23:00:00,0,normal,23,11,-0.5400000000000009,1.9399999999999977,-0.1999999999999318,12.534999999999998,50.88833333333333,990.8833333333333,1.049833320103657,3.173927640427,0.2562550812453677,-1.4149999999999991,4.551666666666669,-0.283333333333303
10.91,56.2,990.3,2025-11-29 00:00:00,0,normal,0,11,-0.20999999999999908,0.7600000000000051,-0.3000000000000682,12.036666666666667,52.40833333333333,990.8333333333334,0.9796053627183373,3.1691350029095564,0.33862466930814183,-1.126666666666667,3.7916666666666714,-0.5333333333334167
11.0,55.74,990.3,2025-11-29 01:00:00,0,normal,1,11,0.08999999999999986,-0.46000000000000085,0.0,11.64,53.64666666666667,990.7166666666667,0.7904682156797019,2.657816146137014,0.3868677637952902,-0.6400000000000006,2.0933333333333337,-0.41666666666674246
11.15,54.83,990.3,2025-11-29 02:00:00,0,normal,2,11,0.15000000000000036,-0.9100000000000037,0.0,11.354999999999999,54.50666666666666,990.5666666666666,0.5269819731260714,1.8148682229480604,0.3326659986591043,-0.2049999999999983,0.3233333333333377,-0.2666666666666515
11.38,53.66,990.5,2025-11-29 03:00:00,0,normal,3,11,0.23000000000000043,-1.1700000000000017,0.20000000000004547,11.203333333333333,54.895,990.4666666666667,0.2745663247131959,1.1126140390989157,0.2065591117907609,0.17666666666666764,-1.2350000000000065,0.03333333333330302
22.17,27.68,990.2,2025-11-29 04:00:00,1,temperature_frozen,4,11,10.790000000000001,-25.979999999999997,-0.2999999999999545,12.955,50.59166666666667,990.3666666666667,4.5172148498826,11.258664959339827,0.15055453053210266,9.215000000000002,-22.91166666666667,-0.16666666666662877
22.17,27.77,989.8,2025-11-29 05:00:00,1,temperature_frozen,5,11,0.0,0.08999999999999986,-0.40000000000009095,14.796666666666667,45.98,990.2333333333332,5.713575646358993,14.166898037326295,0.23380903888360471,7.373333333333335,-18.209999999999997,-0.4333333333332803
22.17,30.88,989.9,2025-11-29 06:00:00,1,temperature_frozen,6,11,0.0,3.1099999999999994,0.10000000000002274,16.673333333333336,41.76,990.1666666666666,6.0225133180979045,14.284370479653608,0.2658320271593559,5.496666666666666,-10.879999999999999,-0.2666666666666515
22.17,46.57,990.0,2025-11-29 07:00:00,1,temperature_frozen,7,11,0.0,15.690000000000001,0.10000000000002274,18.535,40.23166666666666,990.1166666666667,5.631787460478245,12.91431053779744,0.2639444385919904,3.6350000000000016,6.338333333333338,-0.11666666666667425
22.17,51.52,990.5,2025-11-29 08:00:00,1,temperature_frozen,8,11,0.0,4.950000000000003,0.5,20.371666666666666,39.68,990.15,4.404999054105088,12.217906530989643,0.3016620625749577,1.7983333333333356,11.840000000000003,0.35000000000002274
22.17,52.48,990.8,2025-11-29 09:00:00,1,temperature_frozen,9,11,0.0,0.9599999999999937,0.2999999999999545,22.17,39.483333333333334,990.1999999999999,0.0,11.95452829126545,0.3847076812294982,0.0,12.996666666666663,0.6000000000000227
11.79,46.83,995.2,2025-11-29 10:00:00,0,normal,10,11,-10.380000000000003,-5.649999999999999,4.400000000000091,20.44,42.675000000000004,991.0333333333333,4.237617255014899,10.65915709613099,2.077177572251302,-8.650000000000002,4.154999999999994,4.1666666666667425
15.08,40.69,995.7,2025-11-29 11:00:00,0,normal,11,11,3.290000000000001,-6.140000000000001,0.5,19.258333333333336,44.82833333333334,992.0166666666668,4.62916155115229,8.025562700936705,2.6843372863080956,-4.178333333333336,-4.1383333333333425,3.6833333333332803
19.31,30.7,995.5,2025-11-29 12:00:00,0,normal,12,11,4.229999999999999,-9.989999999999998,-0.20000000000004547,18.781666666666666,44.79833333333334,992.9500000000002,4.411514101379103,8.08822209553289,2.773265223522144,0.5283333333333324,-14.09833333333334,2.549999999999841
22.29,23.94,994.8,2025-11-29 13:00:00,0,normal,13,11,2.9800000000000004,-6.759999999999998,-0.7000000000000455,18.801666666666666,41.026666666666664,993.75,4.430180207019424,11.607541801202622,2.4221890925353833,3.4883333333333333,-17.086666666666662,1.0499999999999545
23.96,21.4,993.7,2025-11-29 14:00:00,0,normal,14,11,1.6700000000000017,-2.5400000000000027,-1.099999999999909,19.099999999999998,36.00666666666666,994.2833333333334,4.751025152532872,12.629875164334202,1.8476110701833455,4.860000000000003,-14.606666666666662,-0.5833333333333712
24.73,19.81,992.8,2025-11-29 15:00:00,0,normal,15,11,0.7699999999999996,-1.5899999999999999,-0.900000000000091,19.526666666666667,30.561666666666664,994.6166666666667,5.177662278158615,11.051170827865507,1.1373946837681441,5.203333333333333,-10.751666666666665,-1.8166666666667197
23.84,22.39,992.3,2025-11-29 16:00:00,0,normal,16,11,-0.8900000000000006,2.580000000000002,-0.5,21.535,26.488333333333333,994.1333333333333,3.70376430135612,7.914633072143353,1.4207978978954252,2.3049999999999997,-4.098333333333333,-1.8333333333333712
21.69,34.84,992.2,2025-11-29 17:00:00,0,normal,17,11,-2.1499999999999986,12.450000000000003,-0.09999999999990905,22.636666666666667,25.513333333333335,993.5500000000001,1.983145649382983,5.925644831296025,1.3663820841906849,-0.9466666666666654,9.326666666666668,-1.3500000000000227
17.84,44.87,992.1,2025-11-29 18:00:00,0,normal,18,11,-3.8500000000000014,10.029999999999994,-0.10000000000002274,22.391666666666666,27.875,992.9833333333332,2.4998193268047695,9.898288235851627,1.0684880283203464,-4.551666666666666,16.994999999999997,-0.8833333333332121
15.55,46.98,992.5,2025-11-29 19:00:00,0,normal,19,11,-2.289999999999999,2.1099999999999994,0.39999999999997726,21.268333333333334,31.715000000000003,992.6,3.75425847094558,12.25498878008458,0.5932958789653605,-5.718333333333334,15.264999999999993,-0.10000000000002274
14.74,47.63,993.1,2025-11-29 20:00:00,0,normal,20,11,-0.8100000000000005,0.6500000000000057,0.6000000000000227,19.73166666666667,36.086666666666666,992.5,4.282015491175462,12.515134304779385,0.3847076812298778,-4.991666666666669,11.543333333333337,0.6000000000000227
14.35,47.8,993.4,2025-11-29 21:00:00,0,normal,21,11,-0.39000000000000057,0.1699999999999946,0.2999999999999545,18.00166666666667,40.751666666666665,992.6,3.9420777093642676,10.245407589094054,0.5291502622103267,-3.651666666666669,7.048333333333332,0.7999999999999545
13.96,47.84,993.7,2025-11-29 22:00:00,0,normal,22,11,-0.3899999999999988,0.04000000000000625,0.3000000000000682,16.355,44.99333333333334,992.8333333333334,2.955664053981772,5.09872794593576,0.6623191577056388,-2.3949999999999996,2.846666666666664,0.8666666666666742
13.68,47.82,993.9,2025-11-29 23:00:00,0,normal,23,11,-0.28000000000000114,-0.020000000000003126,0.1999999999999318,15.020000000000001,47.156666666666666,993.1166666666668,1.5283847683093288,1.1666133321141274,0.6997618642537575,-1.3400000000000016,0.663333333333334,0.7833333333331893
13.27,48.7,994.0,2025-11-30 00:00:00,0,normal,0,11,-0.41000000000000014,0.8800000000000026,0.10000000000002274,14.258333333333333,47.794999999999995,993.4333333333334,0.8135211531771176,0.5501181691234992,0.5645056834646384,-0.9883333333333333,0.9050000000000082,0.566666666666606
12.68,50.5,993.7,2025-11-30 01:00:00,0,normal,1,11,-0.5899999999999999,1.7999999999999972,-0.2999999999999545,13.780000000000001,48.38166666666666,993.6333333333333,0.7428324171708985,1.1046160720659843,0.33266599865907676,-1.1000000000000014,2.1183333333333394,0.06666666666671972
12.35,52.03,993.4,2025-11-30 02:00:00,0,normal,2,11,-0.33000000000000007,1.5300000000000011,-0.3000000000000682,13.381666666666666,49.115,993.6833333333334,0.765543380003136,1.7674586275214068,0.24832774042348435,-1.0316666666666663,2.914999999999999,-0.2833333333334167
12.03,54.03,993.2,2025-11-30 03:00:00,0,normal,3,11,-0.3200000000000003,2.0,-0.1999999999999318,12.995,50.153333333333336,993.65,0.7645325369138707,2.513114933039587,0.3016620625752677,-0.9649999999999999,3.876666666666665,-0.4499999999999318
11.74,55.86,992.9,2025-11-30 04:00:00,0,normal,4,11,-0.28999999999999915,1.8299999999999983,-0.3000000000000682,12.624999999999998,51.49,993.5166666666668,0.7409385939468657,3.1007482967825624,0.42622372841486145,-0.884999999999998,4.369999999999997,-0.6166666666667879
11.42,57.27,992.6,2025-11-30 05:00:00,0,normal,5,11,-0.3200000000000003,1.4100000000000037,-0.2999999999999545,12.248333333333333,53.065000000000005,993.3000000000001,0.6682339909542352,3.2597223808171214,0.5138093031439502,-0.8283333333333331,4.204999999999998,-0.7000000000000455
,58.03,990.4,2025-11-30 06:00:00,1,communication_error,6,11,,0.759999999999998,-2.2000000000000455,12.044,54.620000000000005,992.6999999999999,0.49500505047923304,2.97384599466753,1.1899579824504438,,3.4099999999999966,-2.2999999999999545
15.16,41.92,994.7,2025-11-30 07:00:00,0,normal,7,11,,-16.11,4.300000000000068,12.54,53.190000000000005,992.8666666666667,1.5045763523330902,5.937423683720073,1.4080719678567963,2.620000000000001,-11.270000000000003,1.8333333333333712
19.39,31.71,994.3,2025-11-30 08:00:00,0,normal,8,11,4.23,-10.21,-0.40000000000009095,13.948000000000002,49.803333333333335,993.0166666666668,3.392236725230116,10.653569667799925,1.51975875278414,5.441999999999998,-18.093333333333334,1.2833333333331893
22.57,24.61,993.5,2025-11-30 09:00:00,0,normal,9,11,3.1799999999999997,-7.100000000000001,-0.7999999999999545,16.056,44.9,993.0666666666667,4.859807609360677,14.422732057415466,1.5318833724092644,6.513999999999999,-20.29,0.4333333333332803
23.79,23.0,992.6,2025-11-30 10:00:00,0,normal,10,11,1.2199999999999989,-1.6099999999999994,-0.8999999999999773,18.466,39.42333333333333,993.0166666666665,5.1627831641470205,15.617945660894913,1.5432649372884755,5.323999999999998,-16.423333333333332,-0.4166666666665151
24.3,22.45,992.0,2025-11-30 11:00:00,0,normal,11,11,0.5100000000000016,-0.5500000000000007,-0.6000000000000227,21.042,33.62,992.9166666666666,3.8022322390932293,14.050762256902622,1.594260539141596,3.257999999999999,-11.169999999999998,-0.9166666666666288
23.95,23.29,991.8,2025-11-30 12:00:00,0,normal,12,11,-0.3500000000000014,0.8399999999999999,-0.20000000000004547,21.526666666666667,27.830000000000002,993.15,3.602080880083982,7.705008760540057,1.2078907235330765,2.423333333333332,-4.540000000000003,-1.3500000000000227
22.29,35.16,991.7,2025-11-30 13:00:00,0,normal,13,11,-1.6600000000000001,11.869999999999997,-0.09999999999990905,22.715000000000003,26.70333333333333,992.65,1.8138550107436722,5.374389887853842,1.0483320084769596,-0.42500000000000426,8.456666666666667,-0.9499999999999318
18.8,44.27,991.8,2025-11-30 14:00:00,0,normal,14,11,-3.4899999999999984,9.110000000000007,0.09999999999990905,22.616666666666664,28.796666666666667,992.2333333333332,2.032925642188271,8.962690816192744,0.700476028614943,-3.816666666666663,15.473333333333336,-0.4333333333332803
17.5,40.06,992.2,2025-11-30 15:00:00,0,normal,15,11,-1.3000000000000007,-4.210000000000001,0.40000000000009095,21.771666666666665,31.371666666666666,992.0166666666665,2.9174606538335004,9.7077276778176,0.3371448748894596,-4.271666666666665,8.688333333333336,0.18333333333350765
16.88,40.45,992.8,2025-11-30 16:00:00,0,normal,16,11,-0.620000000000001,0.39000000000000057,0.599999999999909,20.62,34.28,992.0500000000001,3.3001393909954677,9.303556309282992,0.4086563348310415,-3.740000000000002,6.170000000000002,0.7499999999998863
15.97,42.45,993.2,2025-11-30 17:00:00,0,normal,17,11,-0.9099999999999984,2.0,0.40000000000009095,19.231666666666666,37.61333333333334,992.25,3.1928007558672684,7.6539419037948155,0.61886993786865,-3.261666666666665,4.836666666666666,0.9500000000000455
14.95,44.77,993.5,2025-11-30 18:00:00,0,normal,18,11,-1.0200000000000014,2.3200000000000003,0.2999999999999545,17.731666666666666,41.193333333333335,992.5333333333333,2.589976190366738,3.5235133981108127,0.7474400756342962,-2.7816666666666663,3.576666666666668,0.966666666666697
14.06,46.63,993.5,2025-11-30 19:00:00,0,normal,19,11,-0.8899999999999988,1.8599999999999994,0.0,16.36,43.105,992.8333333333334,1.7293813922902996,2.5808971308441997,0.7061633427644468,-2.299999999999999,3.5250000000000057,0.6666666666666288
13.23,48.38,993.3,2025-11-30 20:00:00,0,normal,20,11,-0.8300000000000001,1.75,-0.20000000000004547,15.431666666666667,43.79,993.0833333333334,1.650835142183071,3.375150367020683,0.5036533199178423,-2.201666666666666,4.590000000000003,0.2166666666665833
12.36,50.43,993.0,2025-11-30 21:00:00,0,normal,21,11,-0.870000000000001,2.049999999999997,-0.2999999999999545,14.575000000000001,45.51833333333334,993.2166666666667,1.6958861990121668,3.720539835382305,0.27868739954348537,-2.2150000000000016,4.911666666666662,-0.21666666666669698
25.34,30.82,977.8,2025-11-30 22:00:00,1,multivariate_inconsistency,22,11,12.98,-19.61,-15.200000000000045,15.985,43.913333333333334,990.7166666666667,4.754445288359088,6.987258880753349,6.330692431848526,9.355,-13.093333333333334,-12.916666666666742
9.59,57.37,991.9,2025-11-30 23:00:00,0,normal,23,11,-15.75,26.549999999999997,14.100000000000023,14.921666666666667,46.400000000000006,990.5,5.424674798240591,8.785765760592525,6.2504399845128855,-5.331666666666667,10.969999999999992,1.3999999999999773
9.05,58.66,991.8,2025-12-01 00:00:00,0,normal,0,11,-0.5399999999999991,1.2899999999999991,-0.10000000000002274,13.938333333333334,48.715,990.2166666666667,5.92974676243991,10.014427092949454,6.124513586127799,-4.888333333333334,9.944999999999993,1.5833333333332575
8.49,59.95,992.1,2025-12-01 01:00:00,0,normal,1,11,-0.5600000000000005,1.2900000000000063,0.3000000000000682,13.01,50.935,989.9833333333335,6.32942651430601,10.897259747294278,5.999805552404505,-4.52,9.015,2.1166666666665606
8.06,60.58,992.6,2025-12-01 02:00:00,0,normal,2,11,-0.4299999999999997,0.6299999999999955,0.5,12.148333333333333,52.968333333333334,989.8666666666667,6.637883447806733,11.449390231216112,5.928799766113209,-4.088333333333333,7.611666666666665,2.7333333333333485
9.52,58.78,993.2,2025-12-01 03:00:00,0,normal,3,11,1.459999999999999,-1.7999999999999972,0.6000000000000227,11.674999999999999,54.36000000000001,989.9,6.7205141172383485,11.585806834226105,5.950462166924302,-2.1549999999999994,4.419999999999995,3.300000000000068
12.71,44.99,993.7,2025-12-01 04:00:00,0,normal,4,11,3.1900000000000013,-13.79,0.5,9.57,56.72166666666667,992.5500000000001,1.6479927184304972,5.854145255002394,0.7661592523734759,3.1400000000000006,-11.73166666666667,1.1499999999999773
15.28,40.1,994.0,2025-12-01 05:00:00,0,normal,5,11,2.5699999999999985,-4.890000000000001,0.2999999999999545,10.518333333333333,53.843333333333334,992.9000000000001,2.8561191618464736,8.916341551705324,0.880908621820395,4.761666666666667,-13.743333333333332,1.099999999999909
18.93,33.55,993.5,2025-12-01 06:00:00,0,normal,6,11,3.6500000000000004,-6.550000000000004,-0.5,12.165000000000001,49.65833333333333,993.1833333333334,4.315510398550782,11.670813881930718,0.713909424692063,6.764999999999999,-16.108333333333334,0.31666666666660603
22.69,23.72,992.6,2025-12-01 07:00:00,0,normal,7,11,3.7600000000000016,-9.829999999999998,-0.8999999999999773,14.531666666666666,43.62,993.2666666666665,5.599669335475676,14.346772459337316,0.5785038173289343,8.158333333333335,-19.9,-0.6666666666665151
24.31,20.97,991.7,2025-12-01 08:00:00,0,normal,8,11,1.6199999999999974,-2.75,-0.8999999999999773,17.24,37.01833333333334,993.1166666666668,5.770691466366916,14.092822877857579,0.8424171571520647,7.07,-16.04833333333334,-1.4166666666667425
24.83,20.46,991.1,2025-12-01 09:00:00,0,normal,9,11,0.5199999999999996,-0.509999999999998,-0.6000000000000227,19.791666666666668,30.63166666666667,992.7666666666665,5.008953649882041,10.477685654125416,1.172461797528703,5.03833333333333,-10.17166666666667,-1.666666666666515
24.5,21.64,990.7,2025-12-01 10:00:00,0,normal,10,11,-0.3299999999999983,1.1799999999999997,-0.39999999999997726,21.756666666666664,26.74,992.2666666666668,3.85484457101277,8.157541296248436,1.3246383154145602,2.743333333333336,-5.099999999999998,-1.5666666666667197
22.49,34.17,990.5,2025-12-01 11:00:00,0,normal,11,11,-2.0100000000000016,12.530000000000001,-0.20000000000004547,22.958333333333332,25.751666666666665,991.6833333333334,2.201167114661364,6.380938541207336,1.1703275894656269,-0.4683333333333337,8.418333333333337,-1.183333333333394
18.9,43.22,990.6,2025-12-01 12:00:00,0,normal,12,11,-3.59,9.049999999999997,0.10000000000002274,22.953333333333333,27.363333333333333,991.1999999999999,2.2121543044432133,9.298663703278299,0.8148619514971902,-4.053333333333335,15.856666666666666,-0.599999999999909
18.1,37.31,991.0,2025-12-01 13:00:00,0,normal,13,11,-0.7999999999999972,-5.909999999999997,0.39999999999997726,22.188333333333333,29.62833333333333,990.9333333333334,2.981351483248265,9.871237848753593,0.4412104562048543,-4.088333333333331,7.681666666666672,0.06666666666660603
18.2,34.82,991.5,2025-12-01 14:00:00,0,normal,14,11,0.09999999999999787,-2.490000000000002,0.5,21.169999999999998,31.936666666666667,990.9,3.150415845567052,9.024665460096877,0.3741657386744737,-2.969999999999999,2.883333333333333,0.6000000000000227
17.84,34.86,991.9,2025-12-01 15:00:00,0,normal,15,11,-0.35999999999999943,0.03999999999999915,0.39999999999997726,20.005,34.336666666666666,991.0333333333334,2.7991266495105154,7.06392147936723,0.5573747990934292,-2.164999999999999,0.5233333333333334,0.8666666666665606
17.66,34.63,992.1,2025-12-01 16:00:00,0,normal,16,11,-0.17999999999999972,-0.22999999999999687,0.20000000000004547,18.865,36.501666666666665,991.2666666666665,1.8260312155053535,3.471376768180866,0.6713171133409287,-1.2049999999999983,-1.8716666666666626,0.8333333333334849
16.96,36.2,992.1,2025-12-01 17:00:00,0,normal,17,11,-0.6999999999999993,1.5700000000000003,0.0,17.94333333333333,36.839999999999996,991.5333333333334,0.6424224985682115,3.29301685388933,0.6218252702040615,-0.9833333333333307,-0.6399999999999935,0.566666666666606
16.23,37.91,991.7,2025-12-01 18:00:00,0,normal,18,11,-0.7300000000000004,1.7099999999999937,-0.39999999999997726,17.498333333333335,35.955,991.7166666666667,0.7610102934038557,1.411449609443837,0.4215052391896443,-1.2683333333333344,1.9549999999999983,-0.01666666666665151
15.29,40.15,991.3,2025-12-01 19:00:00,0,normal,19,11,-0.9400000000000013,2.240000000000002,-0.40000000000009095,17.029999999999998,36.428333333333335,991.7666666666668,1.1040289851267282,2.208107032429777,0.32659863236748016,-1.7399999999999984,3.721666666666664,-0.46666666666681067
46.98042714991526,29.57,992.0,2025-12-01 20:00:00,1,temperature_spike,20,11,31.69042714991526,-10.579999999999998,0.7000000000000455,21.826737858319206,35.553333333333335,991.85,12.358814036741425,3.584269335117802,0.30822070014458297,25.153689291596052,-5.983333333333334,0.14999999999997726
9.23,52.88,991.0,2025-12-01 21:00:00,0,normal,21,11,-37.750427149915254,23.310000000000002,-1.0,20.39173785831921,38.556666666666665,991.7000000000002,13.372582382576981,7.872071307265065,0.46043457732632076,-11.16173785831921,14.323333333333338,-0.7000000000001592
10.3,55.18,991.5,2025-12-01 22:00:00,0,normal,22,11,1.0700000000000003,2.299999999999997,0.5,19.16507119165254,41.98166666666666,991.6,13.996301743688102,10.003802110531073,0.4195235392653258,-8.86507119165254,13.198333333333338,-0.10000000000002274
13.35,43.08,992.2,2025-12-01 23:00:00,0,normal,23,11,3.049999999999999,-12.100000000000001,0.7000000000000455,18.563404524985874,43.12833333333333,991.6166666666667,14.186352666128794,9.594476362296485,0.44459719596998837,-5.213404524985874,-0.04833333333333201,0.5833333333333712
15.94,37.87,992.9,2025-12-02 00:00:00,0,normal,0,11,2.59,-5.210000000000001,0.6999999999999318,18.51507119165254,43.12166666666667,991.8166666666666,14.196383115404592,9.598840381351591,0.6911343332987413,-2.575071191652542,-5.251666666666672,1.0833333333333712
20.35,28.24,992.9,2025-12-02 01:00:00,0,normal,1,11,4.410000000000002,-9.629999999999999,0.0,19.358404524985875,41.13666666666666,992.0833333333334,14.116551141624733,11.398951998612237,0.7574078601811424,0.991595475014126,-12.896666666666665,0.816666666666606
23.03,23.39,992.3,2025-12-02 02:00:00,0,normal,2,11,2.6799999999999997,-4.849999999999998,-0.6000000000000227,15.366666666666667,40.10666666666666,992.1333333333332,5.50064965860094,12.841117812194774,0.7607014306968006,7.663333333333334,-16.71666666666666,0.16666666666674246
24.09,22.78,991.6,2025-12-02 03:00:00,0,normal,3,11,1.0599999999999987,-0.6099999999999994,-0.6999999999999318,17.843333333333334,35.089999999999996,992.2333333333332,5.530286309646783,12.732047753601895,0.6055300708174046,6.246666666666666,-12.309999999999995,-0.6333333333332121
24.49,23.1,991.0,2025-12-02 04:00:00,0,normal,4,11,0.3999999999999986,0.3200000000000003,-0.6000000000000227,20.208333333333332,29.743333333333336,992.15,4.618165941872015,8.708112692579581,0.744983221285873,4.281666666666666,-6.643333333333334,-1.1499999999999773
23.86,26.22,990.4,2025-12-02 05:00:00,0,normal,5,11,-0.629999999999999,3.1199999999999974,-0.6000000000000227,21.959999999999997,26.933333333333334,991.85,3.3022780016225126,5.767611868586995,1.0290772565738533,1.9000000000000021,-0.7133333333333347,-1.4500000000000455
21.76,43.47,990.2,2025-12-02 06:00:00,0,normal,6,11,-2.099999999999998,17.25,-0.1999999999999318,22.930000000000003,27.866666666666664,991.4000000000001,1.5924446615188796,7.936633207265256,1.0677078252020746,-1.1700000000000017,15.603333333333335,-1.2000000000000455
19.55,42.4,990.4,2025-12-02 07:00:00,0,normal,7,11,-2.210000000000001,-1.0700000000000003,0.1999999999999318,22.796666666666667,30.226666666666663,990.9833333333332,1.8622960738471868,9.925840350653724,0.8256310717654972,-3.246666666666666,12.173333333333336,-0.5833333333332575
18.47,41.44,991.0,2025-12-02 08:00:00,0,normal,8,11,-1.0800000000000018,-0.9600000000000009,0.6000000000000227,22.036666666666665,33.235,990.7666666666668,2.55110694928038,10.17162671355959,0.5278888771936665,-3.5666666666666664,8.204999999999998,0.2333333333332348
17.47,45.18,991.5,2025-12-02 09:00:00,0,normal,9,11,-1.0,3.740000000000002,0.5,20.933333333333334,36.968333333333334,990.75,2.8939569220475008,9.66498094497169,0.4969909455896763,-3.4633333333333347,8.211666666666666,0.75
16.43,47.87,992.0,2025-12-02 10:00:00,0,normal,10,11,-1.0399999999999991,2.6899999999999977,0.5,19.59,41.096666666666664,990.9166666666666,2.7812874716576803,7.6330352197973,0.7167054253071524,-3.16,6.773333333333333,1.0833333333333712
15.82,49.26,992.5,2025-12-02 11:00:00,0,normal,11,11,-0.6099999999999994,1.3900000000000006,0.5,18.25,44.93666666666667,991.2666666666668,2.185598316251173,3.1037826384375165,0.9025888691228923,-2.4299999999999997,4.323333333333331,1.2333333333332348
15.49,49.78,992.7,2025-12-02 12:00:00,0,normal,12,11,-0.33000000000000007,0.5200000000000031,0.20000000000004547,17.205,45.98833333333334,991.6833333333333,1.589311171545695,3.5450834498874904,0.8886319072959197,-1.714999999999998,3.7916666666666643,1.0166666666667652
14.97,51.66,992.6,2025-12-02 13:00:00,0,normal,13,11,-0.5199999999999996,1.8799999999999955,-0.10000000000002274,16.441666666666666,47.531666666666666,992.0500000000001,1.313749088169657,3.6834354435317906,0.6833739825290179,-1.4716666666666658,4.12833333333333,0.5499999999999545
14.12,55.04,992.1,2025-12-02 14:00:00,0,normal,14,11,-0.8500000000000014,3.3800000000000026,-0.5,15.716666666666667,49.79833333333334,992.2333333333335,1.162061386789269,3.3549510677007355,0.45460605656343567,-1.5966666666666676,5.24166666666666,-0.13333333333343944
12.99,59.74,991.5,2025-12-02 15:00:00,0,normal,15,11,-1.129999999999999,4.700000000000003,-0.6000000000000227,14.969999999999999,52.225,992.2333333333335,1.2463867778502484,4.437430562836983,0.45460605656343567,-1.9799999999999986,7.515000000000001,-0.7333333333334622
11.94,64.41,990.8,2025-12-02 16:00:00,0,normal,16,11,-1.0500000000000007,4.669999999999995,-0.7000000000000455,14.221666666666666,54.98166666666666,992.0333333333333,1.5137161777118529,6.039319222119868,0.7474400756343547,-2.2816666666666663,9.428333333333335,-1.2333333333333485
12.15,63.29,990.6,2025-12-02 17:00:00,0,normal,17,11,0.21000000000000085,-1.1199999999999974,-0.1999999999999318,13.61,57.32,991.7166666666667,1.4797972834141526,6.096736832109449,0.8975893641662981,-1.459999999999999,5.969999999999999,-1.1166666666666742
12.81,60.09,991.0,2025-12-02 18:00:00,0,normal,18,11,0.6600000000000001,-3.1999999999999957,0.39999999999997726,13.163333333333334,59.03833333333333,991.4333333333334,1.1711134303160244,4.877628180444541,0.7865536641988401,-0.3533333333333335,1.0516666666666765,-0.43333333333339397
12.58,60.7,991.3,2025-12-02 19:00:00,0,normal,19,11,-0.23000000000000043,0.6099999999999994,0.2999999999999545,12.764999999999999,60.544999999999995,991.2166666666667,0.7722370102500221,3.2758922448701084,0.5419102016614632,-0.18499999999999872,0.15500000000000824,0.08333333333325754
12.21,61.92,992.2,2025-12-02 20:00:00,0,normal,20,11,-0.3699999999999992,1.2199999999999989,0.900000000000091,12.446666666666667,61.69166666666666,991.2333333333332,0.4112744420293522,1.8630020576120767,0.5750362307409608,-0.23666666666666636,0.22833333333333883,0.9666666666668107
11.65,64.07,993.1,2025-12-02 21:00:00,0,normal,21,11,-0.5600000000000005,2.1499999999999915,0.8999999999999773,12.223333333333334,62.41333333333333,991.5,0.42093546615431615,1.7931276214109415,0.9633275663023307,-0.5733333333333341,1.6566666666666663,1.6000000000000227
11.72,64.41,994.0,2025-12-02 22:00:00,0,normal,22,11,0.07000000000000028,0.3400000000000034,0.8999999999999773,12.186666666666667,62.413333333333334,992.0333333333334,0.4584611942864419,1.7931276214109415,1.3185851002738749,-0.4666666666666668,1.9966666666666626,1.9666666666665833
13.78,57.93,994.7,2025-12-02 23:00:00,0,normal,23,11,2.0599999999999987,-6.479999999999997,0.7000000000000455,12.458333333333334,61.51999999999999,992.7166666666667,0.7931561426771871,2.474671695397221,1.4797522315116702,1.3216666666666654,-3.589999999999989,1.9833333333333485
15.95,51.26,995.1,2025-12-03 00:00:00,0,normal,0,11,2.17,-6.670000000000002,0.39999999999997726,12.981666666666667,60.048333333333325,993.4,1.6474394273133568,4.916256367060892,1.4751271131656967,2.968333333333332,-8.788333333333327,1.7000000000000455
19.42,42.36,994.6,2025-12-03 01:00:00,0,normal,1,11,3.4700000000000024,-8.899999999999999,-0.5,14.121666666666668,56.99166666666667,993.9499999999999,3.068011842654226,8.686093291386328,1.1040833301866795,5.298333333333334,-14.631666666666668,0.650000000000091
23.1,31.86,993.6,2025-12-03 02:00:00,0,normal,2,11,3.6799999999999997,-10.5,-1.0,15.936666666666667,51.98166666666666,994.1833333333334,4.566270542430289,12.9147410607672,0.7521081482490805,7.163333333333334,-20.121666666666663,-0.5833333333333712
25.34,30.82,977.8,2025-12-03 03:00:00,1,multivariate_inconsistency,3,11,2.2399999999999984,-1.0399999999999991,-15.800000000000068,18.218333333333334,46.44,991.6333333333332,5.349117372676229,13.794061040897251,6.797842795083188,7.121666666666666,-15.619999999999997,-13.833333333333258
20.48,42.37,991.6,2025-12-03 04:00:00,0,normal,4,11,-4.859999999999999,11.549999999999997,13.800000000000068,19.678333333333335,42.76666666666667,991.2333333333332,4.3165375785074165,10.621340153985553,6.700646734955114,0.8016666666666659,-0.3966666666666754,0.36666666666678793
18.9,45.03,992.2,2025-12-03 05:00:00,0,normal,5,11,-1.5800000000000018,2.6600000000000037,0.6000000000000227,20.531666666666666,40.61666666666667,990.8166666666666,3.304811139334089,7.893355855823665,6.517182417783381,-1.6316666666666677,4.413333333333334,1.3833333333334394
17.49,48.83,992.9,2025-12-03 06:00:00,0,normal,6,11,-1.4100000000000001,3.799999999999997,0.6999999999999318,20.788333333333334,40.211666666666666,990.4499999999999,2.914573153425161,7.276255676284729,6.285777597083623,-3.2983333333333356,8.618333333333332,2.4500000000000455
16.09,51.92,993.3,2025-12-03 07:00:00,0,normal,7,11,-1.3999999999999986,3.0900000000000034,0.39999999999997726,20.233333333333334,41.805,990.2333333333332,3.4879086379471973,8.740216816532595,6.134709990428651,-4.143333333333334,10.115000000000002,3.0666666666667197
15.19,53.93,993.7,2025-12-03 08:00:00,0,normal,8,11,-0.9000000000000004,2.009999999999998,0.40000000000009095,18.915000000000003,45.48333333333333,990.25,3.6774162125057286,8.353307528558133,6.145811581882288,-3.725000000000003,8.446666666666673,3.4500000000000455
14.47,55.83,993.8,2025-12-03 09:00:00,0,normal,9,11,-0.7199999999999989,1.8999999999999986,0.09999999999990905,17.103333333333335,49.65166666666667,992.9166666666666,2.297891787414415,5.228362713762905,0.8704405015068674,-2.6333333333333346,6.1783333333333275,0.8833333333333258
13.88,57.9,993.8,2025-12-03 10:00:00,0,normal,10,11,-0.5899999999999999,2.0700000000000003,0.0,16.003333333333334,52.24,993.2833333333333,1.9041813639111687,4.722168993164019,0.6369196704949379,-2.123333333333333,5.659999999999997,0.5166666666666515
13.28,59.97,993.3,2025-12-03 11:00:00,0,normal,11,11,-0.6000000000000014,2.0700000000000003,-0.5,15.066666666666668,54.73,993.4666666666667,1.5421629831722021,4.051236848173636,0.3614784456413938,-1.7866666666666688,5.240000000000002,-0.16666666666674246
12.7,62.05,993.0,2025-12-03 12:00:00,0,normal,12,11,-0.5800000000000001,2.0799999999999983,-0.2999999999999545,14.268333333333333,56.93333333333333,993.4833333333332,1.2486699590630725,3.787002332540428,0.3311595788487859,-1.5683333333333334,5.116666666666667,-0.4833333333332348
12.41,63.12,992.7,2025-12-03 13:00:00,0,normal,13,11,-0.28999999999999915,1.0700000000000003,-0.2999999999999545,13.655000000000001,58.79999999999999,993.3833333333333,1.0652464503578032,3.5760760618309115,0.4622409184217027,-1.245000000000001,4.320000000000007,-0.6833333333332803
12.17,63.44,992.5,2025-12-03 14:00:00,0,normal,14,11,-0.2400000000000002,0.3200000000000003,-0.20000000000004547,13.151666666666666,60.385,993.1833333333333,0.8947271464902359,3.0555179593646913,0.5492419017732099,-0.9816666666666656,3.0549999999999997,-0.6833333333332803
11.88,63.98,992.4,2025-12-03 15:00:00,0,normal,15,11,-0.28999999999999915,0.5399999999999991,-0.10000000000002274,12.719999999999999,61.74333333333333,992.9499999999999,0.7434783117212552,2.3573940414506236,0.5319774431279727,-0.8399999999999981,2.2366666666666646,-0.5499999999999545
11.34,66.08,992.7,2025-12-03 16:00:00,0,normal,16,11,-0.5400000000000009,2.1000000000000014,0.3000000000000682,12.296666666666667,63.10666666666666,992.7666666666668,0.6704227521993489,2.033220761911253,0.33266599865897684,-0.956666666666667,2.9733333333333363,-0.06666666666671972
10.58,69.56,993.4,2025-12-03 17:00:00,0,normal,17,11,-0.7599999999999998,3.480000000000004,0.6999999999999318,11.846666666666666,64.705,992.7833333333333,0.7761872626283844,2.7257567756497316,0.36560452221460793,-1.2666666666666657,4.855000000000004,0.6166666666666742
9.67,74.27,994.4,2025-12-03 18:00:00,0,normal,18,11,-0.9100000000000001,4.709999999999994,1.0,11.341666666666667,66.74166666666666,993.0166666666668,1.0480346686377027,4.397746771548725,0.7626707459078541,-1.6716666666666669,7.528333333333336,1.383333333333212
10.41,72.49,995.1,2025-12-03 19:00:00,0,normal,19,11,0.7400000000000002,-1.7800000000000011,0.7000000000000455,11.008333333333333,68.30333333333333,993.4166666666666,0.9541366079689714,4.516523736975969,1.1125046816366508,-0.5983333333333327,4.186666666666667,1.683333333333394
13.59,60.65,995.8,2025-12-03 20:00:00,0,normal,20,11,3.1799999999999997,-11.839999999999996,0.6999999999999318,11.245,67.83833333333332,993.9666666666667,1.3806773699890469,5.2080530591255805,1.3574485871159676,2.3450000000000006,-7.1883333333333255,1.8333333333332575
15.9,54.73,996.1,2025-12-03 21:00:00,0,normal,21,11,2.3100000000000005,-5.920000000000002,0.3000000000000682,11.915000000000001,66.29666666666667,994.5833333333334,2.3708120971514974,7.460567449374556,1.343750968990441,3.9849999999999994,-11.56666666666667,1.5166666666666515
19.7,43.61,995.7,2025-12-03 22:00:00,0,normal,22,11,3.799999999999999,-11.119999999999997,-0.39999999999997726,13.308333333333332,62.55166666666667,995.0833333333334,3.917424749330428,11.906200765427515,1.0225784403470026,6.3916666666666675,-18.94166666666667,0.6166666666666742
22.77,35.23,994.7,2025-12-03 23:00:00,0,normal,23,11,3.0700000000000003,-8.380000000000003,-1.0,15.340000000000002,56.82999999999999,995.3000000000001,5.177729232008944,15.554549173794765,0.672309452555654,7.429999999999998,-21.599999999999994,-0.6000000000000227
22.17,27.68,990.2,2025-12-04 00:00:00,1,temperature_frozen,0,11,-0.5999999999999979,-7.549999999999997,-4.5,17.423333333333336,49.065,994.5999999999999,4.94980268967023,16.694415533345232,2.214497685705758,4.746666666666666,-21.384999999999998,-4.399999999999864
22.17,27.77,989.8,2025-12-04 01:00:00,1,temperature_frozen,1,11,0.0,0.08999999999999986,-0.40000000000009095,19.383333333333336,41.611666666666665,993.7166666666667,3.81568167784823,13.892090435447951,2.9198744265231156,2.7866666666666653,-13.841666666666665,-3.9166666666667425
22.17,30.88,989.9,2025-12-04 02:00:00,1,temperature_frozen,2,11,0.0,3.1099999999999994,0.10000000000002274,20.813333333333336,36.65,992.7333333333332,2.6355467490952824,10.676634301126796,3.0676809916718186,1.3566666666666656,-5.77,-2.8333333333332575
22.17,46.57,990.0,2025-12-04 03:00:00,1,temperature_frozen,3,11,0.0,15.690000000000001,0.10000000000002274,21.858333333333334,35.29,991.7166666666666,1.0842585792451587,8.128653024948054,2.719865192737575,0.3116666666666674,11.280000000000001,-1.7166666666665833
22.17,51.52,990.5,2025-12-04 04:00:00,1,temperature_frozen,4,11,0.0,4.950000000000003,0.5,22.27,36.60833333333333,990.85,0.24494897427845774,10.140389374509441,1.9023669467269992,-0.09999999999999787,14.911666666666676,-0.35000000000002274
22.17,52.48,990.8,2025-12-04 05:00:00,1,temperature_frozen,5,11,0.0,0.9599999999999937,0.2999999999999545,22.17,39.48333333333333,990.1999999999999,2.585469557211624e-07,11.954528291265374,0.38470768123324706,0.0,12.99666666666667,0.6000000000000227
16.93,48.0,995.3,2025-12-04 06:00:00,0,normal,6,11,-5.240000000000002,-4.479999999999997,4.5,21.296666666666667,42.87,991.0500000000001,2.139221042030656,10.76059106183289,2.1173096136369285,-4.366666666666667,5.130000000000003,4.249999999999886
21.17,36.7,994.8,2025-12-04 07:00:00,0,normal,7,11,4.240000000000002,-11.299999999999997,-0.5,21.13,44.35833333333333,991.8833333333333,2.096091601051838,8.66856024185474,2.4798521461300194,0.0400000000000027,-7.658333333333324,2.9166666666666288
24.06,28.59,993.7,2025-12-04 08:00:00,0,normal,8,11,2.889999999999997,-8.110000000000003,-1.099999999999909,21.445000000000004,43.97666666666667,992.5166666666665,2.4031624997074292,9.400218437178184,2.3540744819706814,2.614999999999995,-15.386666666666667,1.1833333333335077
25.21,26.16,992.5,2025-12-04 09:00:00,0,normal,9,11,1.1500000000000021,-2.4299999999999997,-1.2000000000000455,21.951666666666668,40.575,992.9333333333334,2.863050238236615,11.688462259852564,2.016597794966919,3.258333333333333,-14.415000000000003,-0.43333333333339397
25.78,24.84,991.5,2025-12-04 10:00:00,0,normal,10,11,0.5700000000000003,-1.3200000000000003,-1.0,22.55333333333333,36.12833333333334,993.1,3.2686918892221635,11.766570301777145,1.8055470085264285,3.22666666666667,-11.288333333333338,-1.6000000000000227
46.98042714991526,29.57,992.0,2025-12-04 11:00:00,1,temperature_spike,11,11,21.200427149915257,4.73,0.5,26.688404524985874,32.31,993.3000000000001,10.462932845553162,8.722586772282458,1.5479018056707232,20.292022624929384,-2.740000000000002,-1.3000000000000682
21.81,32.16,994.0,2025-12-04 12:00:00,0,normal,12,11,-25.17042714991526,2.5899999999999963,2.0,27.501737858319206,29.67,993.0833333333334,9.715638155286015,4.299916278254342,1.279713509604957,-5.6917378583192075,2.489999999999995,0.9166666666666288
23.74,28.59,993.1,2025-12-04 13:00:00,0,normal,13,11,1.9299999999999997,-3.5699999999999967,-0.8999999999999773,27.930071191652544,28.31833333333333,992.8000000000001,9.433208092306879,2.5779791827443432,0.9757048734114371,-4.190071191652546,0.2716666666666683,0.2999999999999545
24.68,27.01,992.6,2025-12-04 14:00:00,0,normal,14,11,0.9400000000000013,-1.5799999999999983,-0.5,28.033404524985873,28.054999999999996,992.6166666666667,9.385611537023085,2.62494761852432,0.8704405015079701,-3.353404524985873,-1.0449999999999946,-0.01666666666665151
24.38,28.53,992.4,2025-12-04 15:00:00,0,normal,15,11,-0.3000000000000007,1.5199999999999996,-0.20000000000004547,27.895071191652544,28.45,992.6,9.441498339398402,2.455613976177147,0.8740709353357875,-3.5150711916525452,0.08000000000000185,-0.20000000000004547
22.29,40.77,992.3,2025-12-04 16:00:00,0,normal,16,11,-2.09,12.240000000000002,-0.10000000000002274,27.313404524985874,31.105,992.7333333333332,9.701780606830706,5.032024443501524,0.7201851613755146,-5.0234045249858745,9.665000000000003,-0.4333333333332803
18.61,50.22,992.4,2025-12-04 17:00:00,0,normal,17,11,-3.6799999999999997,9.449999999999996,0.10000000000002274,22.584999999999997,34.54666666666667,992.8000000000001,2.255364715517205,9.149458271759254,0.6542170893509541,-3.974999999999998,15.673333333333332,-0.40000000000009095
17.27,49.36,993.0,2025-12-04 18:00:00,0,normal,18,11,-1.3399999999999999,-0.8599999999999994,0.6000000000000227,21.828333333333333,37.413333333333334,992.6333333333333,3.1510849983246474,10.798101067625923,0.3386246693102548,-4.558333333333334,11.946666666666665,0.36666666666667425
16.93,49.64,993.5,2025-12-04 19:00:00,0,normal,19,11,-0.33999999999999986,0.28000000000000114,0.5,20.69333333333333,40.92166666666667,992.6999999999999,3.528640909283149,10.777612753604783,0.4647580015436235,-3.763333333333332,8.718333333333334,0.8000000000000682
16.41,50.39,993.8,2025-12-04 20:00:00,0,normal,20,11,-0.5199999999999996,0.75,0.2999999999999545,19.315,44.818333333333335,992.9,3.265307029974349,8.784025083449208,0.6387487769059556,-2.905000000000001,5.571666666666665,0.8999999999999773
15.68,52.72,993.9,2025-12-04 21:00:00,0,normal,21,11,-0.7300000000000004,2.3299999999999983,0.10000000000002274,17.865,48.85,993.15,2.3771895170557764,4.1326988760371375,0.6949820141549787,-2.1849999999999987,3.8699999999999974,0.75
14.86,55.85,993.9,2025-12-04 22:00:00,0,normal,22,11,-0.8200000000000003,3.1300000000000026,0.0,16.626666666666665,51.36333333333334,993.4166666666666,1.3041267832026606,2.4983407827327206,0.6047037842329487,-1.7666666666666657,4.486666666666665,0.4833333333333485
14.23,58.46,993.9,2025-12-04 23:00:00,0,normal,23,11,-0.629999999999999,2.6099999999999994,0.0,15.896666666666667,52.73666666666667,993.6666666666666,1.193040932519293,3.7134278862885792,0.3614784456447399,-1.666666666666666,5.723333333333329,0.2333333333333485
13.55,61.6,993.6,2025-12-05 00:00:00,0,normal,0,11,-0.6799999999999997,3.1400000000000006,-0.2999999999999545,15.276666666666666,54.77666666666667,993.7666666666665,1.2985479069585733,4.714550526472895,0.175119007151624,-1.7266666666666648,6.823333333333331,-0.16666666666651508
12.91,64.74,993.4,2025-12-05 01:00:00,0,normal,1,11,-0.6400000000000006,3.1399999999999935,-0.20000000000004547,14.606666666666664,57.29333333333333,993.75,1.3118943046855864,5.40399728596028,0.20736441353111462,-1.6966666666666637,7.446666666666665,-0.35000000000002274
